,Benign,Bot,Brute Force -Web,Brute Force -XSS,DDOS attack-HOIC,DDOS attack-LOIC-UDP,DDoS attacks-LOIC-HTTP,DoS attacks-GoldenEye,DoS attacks-Hulk,DoS attacks-SlowHTTPTest,DoS attacks-Slowloris,FTP-BruteForce,Infilteration,SQL Injection,SSH-Bruteforce
Benign,191362,0,152,2,0,0,0,2,0,0,0,2,8402,0,0
Bot,4,28903,0,0,0,0,0,0,0,0,0,0,0,0,0
Brute Force -Web,4,0,104,0,0,0,0,0,0,0,0,0,0,1,0
Brute Force -XSS,0,0,3,42,0,0,0,0,0,0,0,0,0,0,0
DDOS attack-HOIC,0,0,0,0,39772,0,0,0,0,0,0,0,0,0,0
DDOS attack-LOIC-UDP,0,0,0,0,0,343,3,0,0,0,0,0,0,0,0
DDoS attacks-LOIC-HTTP,0,0,1,0,0,91,114981,0,0,0,0,0,0,0,0
DoS attacks-GoldenEye,0,0,0,0,0,0,0,8279,0,0,2,0,0,0,0
DoS attacks-Hulk,0,0,0,0,0,0,0,0,29040,0,0,0,0,0,0
DoS attacks-SlowHTTPTest,0,0,0,0,0,0,0,0,0,0,0,9,0,0,0
DoS attacks-Slowloris,0,0,0,0,0,0,0,0,0,0,1982,0,0,0,0
FTP-BruteForce,0,0,0,0,0,0,0,0,0,6,0,2,0,0,0
Infilteration,11341,0,1,0,0,0,0,0,0,0,0,1,12177,0,0
SQL Injection,0,0,4,0,0,0,0,0,0,0,0,0,0,11,0
SSH-Bruteforce,0,0,0,0,0,0,0,0,0,0,0,0,0,0,18808
